Date,Open,High,Low,Close,Volume,Dividends,Stock Splits,Capital Gains,thscode,thsname_cn,thsname_en,currency
2024-06-24T04:00:00.000Z,49.0331263458,49.4607129472,48.5497661913,49.4235305786,3638700,0.0,0.0,0.0,TMF,NA,NA,USD
2024-06-25T04:00:00.000Z,49.0720744135,49.803093468,49.0252148594,49.7281188965,3141600,0.435,0.0,0.0,TMF,NA,NA,USD
2024-06-26T04:00:00.000Z,47.7974805726,48.078641508,47.5444346582,47.6100387573,5399300,0.0,0.0,0.0,TMF,NA,NA,USD
2024-06-27T04:00:00.000Z,48.1254966102,48.4347761131,47.9755438869,48.0973815918,3339000,0.0,0.0,0.0,TMF,NA,NA,USD
2024-06-28T04:00:00.000Z,48.4160370771,48.4722706954,45.4263527519,45.4544677734,15599400,0.0,0.0,0.0,TMF,NA,NA,USD
2024-07-01T04:00:00.000Z,43.8424676823,44.7609285498,42.9146363339,43.1208190918,13321900,0.0,0.0,0.0,TMF,NA,NA,USD
2024-07-02T04:00:00.000Z,44.1611217068,44.3298189811,43.2707757759,44.0392875671,7825800,0.0,0.0,0.0,TMF,NA,NA,USD
2024-07-03T04:00:00.000Z,44.8077883871,45.8762018978,44.7046952282,45.8012237549,6721300,0.0,0.0,0.0,TMF,NA,NA,USD
2024-07-05T04:00:00.000Z,46.3448056772,47.0477096958,45.8199693895,46.7852897644,5863600,0.0,0.0,0.0,TMF,NA,NA,USD
2024-07-08T04:00:00.000Z,46.7759213397,47.2257795024,46.2979481591,47.0383377075,3656700,0.0,0.0,0.0,TMF,NA,NA,USD
2024-07-09T04:00:00.000Z,46.6540850179,46.9352495061,45.7356241283,46.4010391235,4879300,0.0,0.0,0.0,TMF,NA,NA,USD
2024-07-10T04:00:00.000Z,46.6259776878,46.925883188,46.2979571643,46.8602790833,3877500,0.0,0.0,0.0,TMF,NA,NA,USD
2024-07-11T04:00:00.000Z,48.4535229856,49.1376825422,48.1348729863,48.2754516602,10265500,0.0,0.0,0.0,TMF,NA,NA,USD
2024-07-12T04:00:00.000Z,48.1254968083,48.7534262978,47.90056951,48.7253112793,4946800,0.0,0.0,0.0,TMF,NA,NA,USD
2024-07-15T04:00:00.000Z,47.3382467076,47.7974789609,46.9727371464,47.113319397,6386600,0.0,0.0,0.0,TMF,NA,NA,USD
2024-07-16T04:00:00.000Z,48.0880143693,49.1189389652,47.8818280201,49.043964386,6161000,0.0,0.0,0.0,TMF,NA,NA,USD
2024-07-17T04:00:00.000Z,48.6597082227,49.3907309495,48.2941986469,49.081451416,6787500,0.0,0.0,0.0,TMF,NA,NA,USD
2024-07-18T04:00:00.000Z,48.3223141504,48.9783551034,47.7787332749,47.9661750793,4729600,0.0,0.0,0.0,TMF,NA,NA,USD
2024-07-19T04:00:00.000Z,47.253901013,47.4132278119,46.9071359686,47.0945777893,3650500,0.0,0.0,0.0,TMF,NA,NA,USD
2024-07-22T04:00:00.000Z,47.7599864253,47.9286836836,46.0917619539,46.5791091919,5215300,0.0,0.0,0.0,TMF,NA,NA,USD
2024-07-23T04:00:00.000Z,46.8508997046,47.1695496848,46.3635524656,46.4572715759,3162900,0.0,0.0,0.0,TMF,NA,NA,USD
2024-07-24T04:00:00.000Z,46.5041302682,46.8790138528,44.8265353438,44.8921394348,8514200,0.0,0.0,0.0,TMF,NA,NA,USD
2024-07-25T04:00:00.000Z,45.6325274981,46.8415232654,45.5200638564,45.9886665344,8505800,0.0,0.0,0.0,TMF,NA,NA,USD
2024-07-26T04:00:00.000Z,46.907132446,47.2257824446,46.5791119658,47.0195960999,4520600,0.0,0.0,0.0,TMF,NA,NA,USD
2024-07-29T04:00:00.000Z,48.0224045807,48.0317750613,47.3382415167,47.7506141663,3877400,0.0,0.0,0.0,TMF,NA,NA,USD
2024-07-30T04:00:00.000Z,48.1254974044,48.5659851006,47.4319673882,48.2379646301,4875500,0.0,0.0,0.0,TMF,NA,NA,USD
2024-07-31T04:00:00.000Z,49.2688866859,49.7749784506,48.8565176045,49.7281188965,7913500,0.0,0.0,0.0,TMF,NA,NA,USD
2024-08-01T04:00:00.000Z,50.7028132606,51.9492982214,50.7028132606,51.0589523315,13760500,0.0,0.0,0.0,TMF,NA,NA,USD
2024-08-02T04:00:00.000Z,53.5800329494,55.8574424402,53.4956878925,55.6793746948,18901000,0.0,0.0,0.0,TMF,NA,NA,USD
2024-08-05T04:00:00.000Z,58.0879912239,58.5003603197,55.0420736235,56.5322303772,24384000,0.0,0.0,0.0,TMF,NA,NA,USD
2024-08-06T04:00:00.000Z,55.4075825657,55.8855593245,52.8771272561,52.8865013123,13573300,0.0,0.0,0.0,TMF,NA,NA,USD
2024-08-07T04:00:00.000Z,51.6868812262,52.5209934922,50.955858555,51.5462989807,11968700,0.0,0.0,0.0,TMF,NA,NA,USD
2024-08-08T04:00:00.000Z,50.3185561697,50.7777883845,49.8780720669,50.6184616089,9323100,0.0,0.0,0.0,TMF,NA,NA,USD
2024-08-09T04:00:00.000Z,52.4835066633,52.5491107606,51.8462066535,52.1367416382,5908200,0.0,0.0,0.0,TMF,NA,NA,USD
2024-08-12T04:00:00.000Z,51.733741872,52.9895973257,51.48069597,52.6990623474,6347800,0.0,0.0,0.0,TMF,NA,NA,USD
2024-08-13T04:00:00.000Z,53.7862224163,53.8705710532,53.233271035,53.7018737793,5959700,0.0,0.0,0.0,TMF,NA,NA,USD
2024-08-14T04:00:00.000Z,54.1704763233,55.1545413676,54.0861276866,54.7421722412,8232300,0.0,0.0,0.0,TMF,NA,NA,USD
2024-08-15T04:00:00.000Z,52.230459103,53.3551063538,51.8930645702,53.3551063538,8764500,0.0,0.0,0.0,TMF,NA,NA,USD
2024-08-16T04:00:00.000Z,53.8330802917,54.0486371184,53.1864098119,53.8330802917,5797900,0.0,0.0,0.0,TMF,NA,NA,USD
2024-08-19T04:00:00.000Z,53.8424581863,55.0514541729,53.8049691072,54.5828514099,6075600,0.0,0.0,0.0,TMF,NA,NA,USD
2024-08-20T04:00:00.000Z,55.3232385275,56.1948399129,54.9764734998,55.9511680603,6291800,0.0,0.0,0.0,TMF,NA,NA,USD
2024-08-21T04:00:00.000Z,55.8761899056,56.7477912909,55.0983112136,55.9511680603,8292600,0.0,0.0,0.0,TMF,NA,NA,USD
2024-08-22T04:00:00.000Z,55.1170557947,55.2295194517,53.7393625893,54.2829399109,9118700,0.0,0.0,0.0,TMF,NA,NA,USD
2024-08-23T04:00:00.000Z,54.9952154849,55.754353178,54.5922168598,55.2670059204,7711400,0.0,0.0,0.0,TMF,NA,NA,USD
2024-08-26T04:00:00.000Z,55.7637176076,55.8105771595,54.7702786623,54.8452568054,5554500,0.0,0.0,0.0,TMF,NA,NA,USD
2024-08-27T04:00:00.000Z,53.7299890273,54.7327985516,53.6175218016,54.5453567505,5700100,0.0,0.0,0.0,TMF,NA,NA,USD
2024-08-28T04:00:00.000Z,54.6015873973,54.9108669088,54.132984677,54.3485450745,4154300,0.0,0.0,0.0,TMF,NA,NA,USD
2024-08-29T04:00:00.000Z,53.5612892583,53.9642878604,53.1208015827,53.7393569946,5564700,0.0,0.0,0.0,TMF,NA,NA,USD
2024-08-30T04:00:00.000Z,53.9830272927,54.4610040282,52.0336420034,52.0805015564,9047600,0.0,0.0,0.0,TMF,NA,NA,USD
2024-09-03T04:00:00.000Z,54.1892152322,55.0139569744,53.973658422,54.5359802246,10087900,0.0,0.0,0.0,TMF,NA,NA,USD
2024-09-04T04:00:00.000Z,54.7140511806,56.625947442,54.59221348,56.5697174072,8809600,0.0,0.0,0.0,TMF,NA,NA,USD
2024-09-05T04:00:00.000Z,57.1226733954,57.7131138351,56.1760938804,57.5069274902,10178100,0.0,0.0,0.0,TMF,NA,NA,USD
2024-09-06T04:00:00.000Z,57.4132030327,59.5687783805,56.8321366675,57.4694366455,17441800,0.0,0.0,0.0,TMF,NA,NA,USD
2024-09-09T04:00:00.000Z,57.141414117,58.3878954342,56.7571600478,58.1348495483,7162900,0.0,0.0,0.0,TMF,NA,NA,USD
2024-09-10T04:00:00.000Z,58.0130182861,59.756217405,57.8724360398,59.3251037598,7827600,0.0,0.0,0.0,TMF,NA,NA,USD
2024-09-11T04:00:00.000Z,58.9970827345,60.3279163087,58.7721518574,59.1845245361,11145800,0.0,0.0,0.0,TMF,NA,NA,USD
2024-09-12T04:00:00.000Z,58.7627856388,59.0908061342,57.5912787624,58.3597869873,9031400,0.0,0.0,0.0,TMF,NA,NA,USD
2024-09-13T04:00:00.000Z,58.8846191733,59.1189205319,58.1254814842,58.772151947,5668600,0.0,0.0,0.0,TMF,NA,NA,USD
2024-09-16T04:00:00.000Z,59.1751476467,60.4310065852,58.7815230997,60.2904243469,7148500,0.0,0.0,0.0,TMF,NA,NA,USD
2024-09-17T04:00:00.000Z,60.599704696,60.8996101385,59.2969861847,59.4375648499,8590600,0.0,0.0,0.0,TMF,NA,NA,USD
2024-09-18T04:00:00.000Z,58.4160224411,59.2595052736,57.1976523911,57.3101196289,13750300,0.0,0.0,0.0,TMF,NA,NA,USD
2024-09-19T04:00:00.000Z,56.091744989,56.7477895218,55.8293286059,56.7103004456,12014300,0.0,0.0,0.0,TMF,NA,NA,USD
2024-09-20T04:00:00.000Z,56.1667214344,56.5790905345,55.6887446653,56.044883728,7316600,0.0,0.0,0.0,TMF,NA,NA,USD
2024-09-23T04:00:00.000Z,55.2482553206,56.2698092807,54.470373175,55.5950202942,9837100,0.0,0.0,0.0,TMF,NA,NA,USD
2024-09-24T04:00:00.000Z,54.3818210213,55.9207520751,54.1835548247,55.6280708313,9676400,0.435,0.0,0.0,TMF,NA,NA,USD
2024-09-25T04:00:00.000Z,54.8822111234,54.967182864,54.0985824482,54.1552314758,7283900,0.0,0.0,0.0,TMF,NA,NA,USD
2024-09-26T04:00:00.000Z,54.542319347,54.7877912419,53.4376868158,54.4762306213,8968900,0.0,0.0,0.0,TMF,NA,NA,USD
2024-09-27T04:00:00.000Z,55.165444069,55.5997424369,54.6933796862,55.250415802,7243500,0.0,0.0,0.0,TMF,NA,NA,USD
2024-09-30T04:00:00.000Z,55.3542774117,55.4958945832,54.1269105842,54.5328826904,7613800,0.0,0.0,0.0,TMF,NA,NA,USD
2024-10-01T04:00:00.000Z,56.0812558545,57.0253847167,55.4581309495,55.6280708313,10508600,0.0,0.0,0.0,TMF,NA,NA,USD
2024-10-02T04:00:00.000Z,53.6737203504,54.3157282167,53.2016559547,54.2590827942,10119300,0.0,0.0,0.0,TMF,NA,NA,USD
2024-10-03T04:00:00.000Z,53.6831673461,53.9380825695,52.6823894618,52.7295951843,8063700,0.0,0.0,0.0,TMF,NA,NA,USD
2024-10-04T04:00:00.000Z,50.4920059478,51.3228402699,50.4353569253,50.6430664062,16675900,0.0,0.0,0.0,TMF,NA,NA,USD
2024-10-07T04:00:00.000Z,49.7555839201,50.1993219664,49.4062573046,49.5478744507,10458200,0.0,0.0,0.0,TMF,NA,NA,USD
2024-10-08T04:00:00.000Z,48.8775522058,49.7839150599,48.7264917302,49.7555923462,9592600,0.0,0.0,0.0,TMF,NA,NA,USD
2024-10-09T04:00:00.000Z,49.226874864,49.5950845183,48.5471009781,48.8775482178,8634900,0.0,0.0,0.0,TMF,NA,NA,USD
2024-10-10T04:00:00.000Z,47.9711895075,48.2827501639,47.2442098405,48.2261047363,13940000,0.0,0.0,0.0,TMF,NA,NA,USD
2024-10-11T04:00:00.000Z,47.3291782923,48.1977750695,47.2253235469,47.6785049438,8223900,0.0,0.0,0.0,TMF,NA,NA,USD
2024-10-14T04:00:00.000Z,46.639967919,47.7257139655,46.507786851,47.7162742615,8732500,0.0,0.0,0.0,TMF,NA,NA,USD
2024-10-15T04:00:00.000Z,48.754817959,49.5856524359,48.6415234945,49.5101203918,13065700,0.0,0.0,0.0,TMF,NA,NA,USD
2024-10-16T04:00:00.000Z,50.1521247763,50.5486607762,49.7933583973,50.0010643005,7418700,0.0,0.0,0.0,TMF,NA,NA,USD
2024-10-17T04:00:00.000Z,48.490452158,48.6509523134,47.4707914007,47.6973838806,10606500,0.0,0.0,0.0,TMF,NA,NA,USD
2024-10-18T04:00:00.000Z,47.9900715076,48.3488378799,47.7351562841,47.7729187012,6133300,0.0,0.0,0.0,TMF,NA,NA,USD
2024-10-21T04:00:00.000Z,46.3756082366,46.5172290052,45.2426528931,45.2426528931,13326300,0.0,0.0,0.0,TMF,NA,NA,USD
2024-10-22T04:00:00.000Z,45.8185743606,45.9696348406,44.978300216,45.3559532166,10613300,0.0,0.0,0.0,TMF,NA,NA,USD
2024-10-23T04:00:00.000Z,44.572322235,45.3653906147,44.3362900221,44.9971809387,10908900,0.0,0.0,0.0,TMF,NA,NA,USD
2024-10-24T04:00:00.000Z,45.1104765984,46.2623149811,44.7611499223,45.7996902466,11244500,0.0,0.0,0.0,TMF,NA,NA,USD
2024-10-25T04:00:00.000Z,46.186776337,46.2906310749,44.7800265281,44.9688529968,8858400,0.0,0.0,0.0,TMF,NA,NA,USD
2024-10-28T04:00:00.000Z,45.1482393388,45.1576826438,43.8925498962,44.6195259094,10190700,0.0,0.0,0.0,TMF,NA,NA,USD
2024-10-29T04:00:00.000Z,43.5337837796,44.7989166387,43.2411025265,44.7422676086,14466200,0.0,0.0,0.0,TMF,NA,NA,USD
2024-10-30T04:00:00.000Z,45.9507432963,46.5833114146,44.9405258491,45.148235321,13460900,0.0,0.0,0.0,TMF,NA,NA,USD
2024-10-31T04:00:00.000Z,45.0066172739,46.0640441021,44.5062301724,45.3465042114,14153800,0.0,0.0,0.0,TMF,NA,NA,USD
2024-11-01T04:00:00.000Z,45.459806328,45.8563387229,43.33551638,43.4299278259,20529300,0.0,0.0,0.0,TMF,NA,NA,USD
2024-11-04T05:00:00.000Z,45.4409189937,45.8468946555,44.5062299209,45.3653869629,14393200,0.0,0.0,0.0,TMF,NA,NA,USD
2024-11-05T05:00:00.000Z,45.0821517738,46.3284015452,44.4212608704,46.0734863281,14765900,0.0,0.0,0.0,TMF,NA,NA,USD
2024-11-06T05:00:00.000Z,41.4566969246,43.0617166615,41.3528421767,42.381942749,29791000,0.0,0.0,0.0,TMF,NA,NA,USD
2024-11-07T05:00:00.000Z,43.0711628858,44.2796504244,42.9201023937,43.8453483582,14778400,0.0,0.0,0.0,TMF,NA,NA,USD
2024-11-08T05:00:00.000Z,44.7989115236,45.6486252684,44.5723190308,45.4692420959,17244400,0.0,0.0,0.0,TMF,NA,NA,USD
2024-11-11T05:00:00.000Z,45.1293568525,45.1860058783,44.2135543467,44.846118927,9841000,0.0,0.0,0.0,TMF,NA,NA,USD
2024-11-12T05:00:00.000Z,43.7981336716,44.4967905558,42.5707669739,42.7973594666,15904000,0.0,0.0,0.0,TMF,NA,NA,USD
2024-11-13T05:00:00.000Z,44.0058431426,44.0247261504,41.4566947087,41.6360778809,17144500,0.0,0.0,0.0,TMF,NA,NA,USD
2024-11-14T05:00:00.000Z,42.5802140297,43.2316653076,42.1836816011,42.3064193726,12241500,0.0,0.0,0.0,TMF,NA,NA,USD
2024-11-15T05:00:00.000Z,41.6455249892,42.665182295,41.0884888124,41.9004402161,15451400,0.0,0.0,0.0,TMF,NA,NA,USD
2024-11-18T05:00:00.000Z,41.2961995712,42.5707721425,40.9657522961,42.0703849792,13071200,0.0,0.0,0.0,TMF,NA,NA,USD
2024-11-19T05:00:00.000Z,42.8917719339,43.2316588802,42.6179737158,42.7218284607,8115400,0.0,0.0,0.0,TMF,NA,NA,USD
2024-11-20T05:00:00.000Z,41.9193204916,42.8823287059,41.881554475,42.3347358704,8437600,0.0,0.0,0.0,TMF,NA,NA,USD
2024-11-21T05:00:00.000Z,42.3158504022,42.8917695175,41.7021652724,42.1175842285,8259200,0.0,0.0,0.0,TMF,NA,NA,USD
2024-11-22T05:00:00.000Z,42.4008282988,42.6368605213,41.8815581297,42.2120018005,6997600,0.0,0.0,0.0,TMF,NA,NA,USD
2024-11-25T05:00:00.000Z,44.7328235546,45.5447748989,44.44014233,45.4125938416,12330800,0.0,0.0,0.0,TMF,NA,NA,USD
2024-11-26T05:00:00.000Z,44.6384150082,45.0349510348,44.1097051083,44.978302002,6492200,0.0,0.0,0.0,TMF,NA,NA,USD
2024-11-27T05:00:00.000Z,45.8940980477,46.3756021143,45.337061954,45.9035377502,8516500,0.0,0.0,0.0,TMF,NA,NA,USD
2024-11-29T05:00:00.000Z,46.9043201496,47.2064410844,46.4322557388,47.0081748962,5684700,0.0,0.0,0.0,TMF,NA,NA,USD
2024-12-02T05:00:00.000Z,46.5927562078,47.9428607196,46.2339898464,47.4991226196,10137000,0.0,0.0,0.0,TMF,NA,NA,USD
2024-12-03T05:00:00.000Z,47.5652118754,47.7540383634,46.1773413308,46.3189620972,6954900,0.0,0.0,0.0,TMF,NA,NA,USD
2024-12-04T05:00:00.000Z,45.6297480148,47.9428607636,45.4881272499,47.744594574,7490100,0.0,0.0,0.0,TMF,NA,NA,USD
2024-12-05T05:00:00.000Z,47.2064430731,48.2449833801,47.1214713315,48.0183944702,5647300,0.0,0.0,0.0,TMF,NA,NA,USD
2024-12-06T05:00:00.000Z,48.6698386163,48.9058708149,47.6501813915,48.1222457886,5613700,0.0,0.0,0.0,TMF,NA,NA,USD
2024-12-09T05:00:00.000Z,47.5463290786,47.6501838275,46.7627004106,46.9326438904,5366000,0.0,0.0,0.0,TMF,NA,NA,USD
2024-12-10T05:00:00.000Z,46.082924796,46.4983401424,45.9035380316,46.1490135193,4632900,0.0,0.0,0.0,TMF,NA,NA,USD
2024-12-11T05:00:00.000Z,46.1206913927,46.4700216491,44.7139414685,44.846118927,7741600,0.0,0.0,0.0,TMF,NA,NA,USD
2024-12-12T05:00:00.000Z,44.0247278011,44.2229939885,43.0994819914,43.1938934326,8909100,0.0,0.0,0.0,TMF,NA,NA,USD
2024-12-13T05:00:00.000Z,42.7595989054,42.8445706508,41.768264277,42.0515022278,8637800,0.0,0.0,0.0,TMF,NA,NA,USD
2024-12-16T05:00:00.000Z,42.3724984388,42.4763531755,41.7021643029,42.1742286682,7127300,0.0,0.0,0.0,TMF,NA,NA,USD
2024-12-17T05:00:00.000Z,42.3158482165,42.9956220357,42.2497594953,42.5141143799,6632400,0.0,0.0,0.0,TMF,NA,NA,USD
2024-12-18T05:00:00.000Z,42.0987033713,42.5896507798,40.8902196587,40.9468650818,11751900,0.0,0.0,0.0,TMF,NA,NA,USD
2024-12-19T05:00:00.000Z,39.4079392719,39.804471655,38.6148709041,39.0586090088,17940300,0.0,0.0,0.0,TMF,NA,NA,USD
2024-12-20T05:00:00.000Z,39.9744155599,40.4559196876,39.6250888946,39.6722946167,7720300,0.0,0.0,0.0,TMF,NA,NA,USD
2024-12-23T05:00:00.000Z,39.4466650216,39.5422723156,38.4619335996,38.5575408936,9413400,0.524,0.0,0.0,TMF,NA,NA,USD
2024-12-24T05:00:00.000Z,37.8978647874,39.0260053702,37.8405040559,38.9877624512,8384800,0.0,0.0,0.0,TMF,NA,NA,USD
2024-12-26T05:00:00.000Z,38.1081976192,39.09292909,38.0890761594,38.9017181396,8226500,0.0,0.0,0.0,TMF,NA,NA,USD
2024-12-27T05:00:00.000Z,38.4428120572,38.8443553969,37.9074258003,37.9647865295,8141000,0.0,0.0,0.0,TMF,NA,NA,USD
2024-12-30T05:00:00.000Z,38.8825897942,39.1502865361,38.6722610684,38.8634719849,7708600,0.0,0.0,0.0,TMF,NA,NA,USD
2024-12-31T05:00:00.000Z,39.2076501061,39.4562254097,38.1273150964,38.2133598328,6903800,0.0,0.0,0.0,TMF,NA,NA,USD
2025-01-02T05:00:00.000Z,38.7774302505,39.2267717448,38.0221490778,38.49061203,6816100,0.0,0.0,0.0,TMF,NA,NA,USD
2025-01-03T05:00:00.000Z,38.6627016035,38.8634750877,37.9552258971,38.0795135498,6881600,0.0,0.0,0.0,TMF,NA,NA,USD
2025-01-06T05:00:00.000Z,37.7831338322,37.9934662074,37.2668654459,37.6397247314,8484400,0.0,0.0,0.0,TMF,NA,NA,USD
2025-01-07T05:00:00.000Z,37.1712651052,37.381593852,36.1196067829,36.3108177185,11190600,0.0,0.0,0.0,TMF,NA,NA,USD
2025-01-08T05:00:00.000Z,35.6798216143,36.6071922146,35.5268536062,36.4159812927,11708300,0.0,0.0,0.0,TMF,NA,NA,USD
2025-01-10T05:00:00.000Z,35.4121300951,36.1196057964,35.2495995279,35.6607017517,11586100,0.0,0.0,0.0,TMF,NA,NA,USD
2025-01-13T05:00:00.000Z,35.7276273664,35.8614739323,35.1061963609,35.4599342346,7931600,0.0,0.0,0.0,TMF,NA,NA,USD
2025-01-14T05:00:00.000Z,35.3165201184,35.4790506733,34.9054179259,35.354763031,9288100,0.0,0.0,0.0,TMF,NA,NA,USD
2025-01-15T05:00:00.000Z,37.1521422971,37.4771997817,36.7601615346,37.1617012024,9064200,0.0,0.0,0.0,TMF,NA,NA,USD
2025-01-16T05:00:00.000Z,37.0947735141,38.0125814861,36.5976266175,37.5632400513,7889800,0.0,0.0,0.0,TMF,NA,NA,USD
2025-01-17T05:00:00.000Z,38.0412689289,38.0890707479,37.5250005304,37.6492881775,5787300,0.0,0.0,0.0,TMF,NA,NA,USD
2025-01-21T05:00:00.000Z,38.6053446283,38.9686414222,38.261165647,38.6722679138,6555300,0.0,0.0,0.0,TMF,NA,NA,USD
2025-01-22T05:00:00.000Z,38.5670994308,38.6913870883,37.8405022389,38.0986328125,4764200,0.0,0.0,0.0,TMF,NA,NA,USD
2025-01-23T05:00:00.000Z,36.9513697132,37.400711168,36.8079606156,37.2190628052,5821500,0.0,0.0,0.0,TMF,NA,NA,USD
2025-01-24T05:00:00.000Z,37.0278541539,37.7353334864,36.8653272373,37.6110458374,5002000,0.0,0.0,0.0,TMF,NA,NA,USD
2025-01-27T05:00:00.000Z,38.834793124,39.1980935488,38.4619337933,39.0164451599,7536200,0.0,0.0,0.0,TMF,NA,NA,USD
2025-01-28T05:00:00.000Z,38.414131219,38.882594188,38.1655559054,38.8252334595,3946900,0.0,0.0,0.0,TMF,NA,NA,USD
2025-01-29T05:00:00.000Z,39.1885298156,39.41798,38.1081912273,38.5957756042,5420700,0.0,0.0,0.0,TMF,NA,NA,USD
2025-01-30T05:00:00.000Z,39.1502909779,39.54227176,38.8347923828,39.0546836853,4747600,0.0,0.0,0.0,TMF,NA,NA,USD
2025-01-31T05:00:00.000Z,39.1024857445,39.4562235787,37.8213773115,38.1464347839,5983400,0.0,0.0,0.0,TMF,NA,NA,USD
2025-02-03T05:00:00.000Z,39.6761149279,40.4027120544,38.7105050609,39.1502876282,11463900,0.0,0.0,0.0,TMF,NA,NA,USD
2025-02-04T05:00:00.000Z,38.3280911205,39.5327139764,38.2420463702,39.475353241,5193300,0.0,0.0,0.0,TMF,NA,NA,USD
2025-02-05T05:00:00.000Z,40.8520560532,41.8272284454,40.7851327794,41.4161262512,8170800,0.0,0.0,0.0,TMF,NA,NA,USD
2025-02-06T05:00:00.000Z,41.4161264051,41.8081071444,40.9763438482,41.4639282227,4936500,0.0,0.0,0.0,TMF,NA,NA,USD
2025-02-07T05:00:00.000Z,40.5078775035,40.8042546092,40.0967753055,40.5556793213,6607400,0.0,0.0,0.0,TMF,NA,NA,USD
2025-02-10T05:00:00.000Z,40.5078783078,40.8903001521,39.9533706453,40.1541404724,4232300,0.0,0.0,0.0,TMF,NA,NA,USD
2025-02-11T05:00:00.000Z,39.5327113159,39.7239222642,39.3128200017,39.3988647461,4185200,0.0,0.0,0.0,TMF,NA,NA,USD
2025-02-12T05:00:00.000Z,37.8500593586,38.2515990293,37.2955480262,37.8022575378,9445100,0.0,0.0,0.0,TMF,NA,NA,USD
2025-02-13T05:00:00.000Z,38.8825932716,39.9151301248,38.8443540025,39.5900726318,5678800,0.0,0.0,0.0,TMF,NA,NA,USD
2025-02-14T05:00:00.000Z,40.5270031825,40.9189839648,40.1923867758,40.2401885986,4599500,0.0,0.0,0.0,TMF,NA,NA,USD
2025-02-18T05:00:00.000Z,39.3893028145,39.8004050455,38.7200663701,38.8156700134,4789400,0.0,0.0,0.0,TMF,NA,NA,USD
2025-02-19T05:00:00.000Z,38.6053418801,39.245894324,38.5001756825,38.9590797424,3783100,0.0,0.0,0.0,TMF,NA,NA,USD
2025-02-20T05:00:00.000Z,39.2363304733,39.628311203,39.2267679218,39.2650108337,3603700,0.0,0.0,0.0,TMF,NA,NA,USD
2025-02-21T05:00:00.000Z,39.7526038056,41.1388748894,39.6856768778,40.7373352051,5880400,0.0,0.0,0.0,TMF,NA,NA,USD
2025-02-24T05:00:00.000Z,40.2497467347,41.3396479679,40.2401878292,41.0528297424,5582000,0.0,0.0,0.0,TMF,NA,NA,USD
2025-02-25T05:00:00.000Z,42.5442703933,43.2708675639,42.3339380018,43.1465835571,7673300,0.0,0.0,0.0,TMF,NA,NA,USD
2025-02-26T05:00:00.000Z,43.165703968,44.0548316868,42.8502053884,43.8636207581,6344900,0.0,0.0,0.0,TMF,NA,NA,USD
2025-02-27T05:00:00.000Z,42.9649318052,43.6628486167,42.7546030594,43.0127372742,6402100,0.0,0.0,0.0,TMF,NA,NA,USD
2025-02-28T05:00:00.000Z,43.7202142189,44.5519776139,43.1657065046,44.5328598022,6703000,0.0,0.0,0.0,TMF,NA,NA,USD
2025-03-03T05:00:00.000Z,43.5003214183,45.3168198155,43.4142766806,45.1542892456,6649000,0.0,0.0,0.0,TMF,NA,NA,USD
2025-03-04T05:00:00.000Z,44.9057158198,45.441102036,43.2230640481,43.4907608032,9532700,0.0,0.0,0.0,TMF,NA,NA,USD
2025-03-05T05:00:00.000Z,43.6246079046,43.9879046567,42.2861350534,42.4486656189,8379700,0.0,0.0,0.0,TMF,NA,NA,USD
2025-03-06T05:00:00.000Z,42.0853679209,42.5251505313,41.0623935828,41.9802017212,8423700,0.0,0.0,0.0,TMF,NA,NA,USD
2025-03-07T05:00:00.000Z,42.9553757058,43.0031775308,41.3683310445,41.5404205322,8427700,0.0,0.0,0.0,TMF,NA,NA,USD
2025-03-10T04:00:00.000Z,42.8502044678,43.6150445194,42.6207542758,42.8502044678,7269000,0.0,0.0,0.0,TMF,NA,NA,USD
2025-03-11T04:00:00.000Z,42.6972413607,43.4142796753,41.5117364092,41.9037208557,6670000,0.0,0.0,0.0,TMF,NA,NA,USD
2025-03-12T04:00:00.000Z,41.3300880905,41.836794,41.0145931279,41.1293182373,6129200,0.0,0.0,0.0,TMF,NA,NA,USD
2025-03-13T04:00:00.000Z,40.7277733962,42.2670161749,40.4600802684,42.1618499756,6302300,0.0,0.0,0.0,TMF,NA,NA,USD
2025-03-14T04:00:00.000Z,41.2822845444,41.82723335,41.0528306882,41.4734954834,4664400,0.0,0.0,0.0,TMF,NA,NA,USD
2025-03-17T04:00:00.000Z,42.3339398886,42.8788887026,41.7794321687,42.0758056641,5041600,0.0,0.0,0.0,TMF,NA,NA,USD
2025-03-18T04:00:00.000Z,41.4161280374,42.6589935783,41.377885123,42.2574539185,4099700,0.0,0.0,0.0,TMF,NA,NA,USD
2025-03-19T04:00:00.000Z,42.1331692729,42.8980093797,41.750747396,42.8406486511,5053700,0.0,0.0,0.0,TMF,NA,NA,USD
2025-03-20T04:00:00.000Z,44.2747217489,44.332082473,42.8024023793,42.9840507507,6176100,0.0,0.0,0.0,TMF,NA,NA,USD
2025-03-21T04:00:00.000Z,43.0127369952,43.15614246,42.0184430591,42.1427307129,5022300,0.0,0.0,0.0,TMF,NA,NA,USD
2025-03-24T04:00:00.000Z,41.4352545551,41.5117367461,40.7277751409,40.8138198853,6019800,0.0,0.0,0.0,TMF,NA,NA,USD
2025-03-25T04:00:00.000Z,40.5231309266,41.245039461,40.4557530905,40.8118972778,4967200,0.288,0.0,0.0,TMF,NA,NA,USD
2025-03-26T04:00:00.000Z,40.2728697129,40.5327572181,39.8685990364,40.0226097107,5924800,0.0,0.0,0.0,TMF,NA,NA,USD
2025-03-27T04:00:00.000Z,39.4835821534,39.7530934816,39.2333184872,39.6472129822,4930200,0.0,0.0,0.0,TMF,NA,NA,USD
2025-03-28T04:00:00.000Z,40.8600216947,41.4664258607,40.7637650253,41.1969108582,6629800,0.0,0.0,0.0,TMF,NA,NA,USD
2025-03-31T04:00:00.000Z,42.698479692,42.8139840176,41.5049227542,42.3519630432,6369600,0.0,0.0,0.0,TMF,NA,NA,USD
2025-04-01T04:00:00.000Z,43.131626704,44.0652925094,43.1123753706,43.4492645264,7170900,0.0,0.0,0.0,TMF,NA,NA,USD
2025-04-02T04:00:00.000Z,44.7294479694,44.7294479694,42.3230865106,43.3626327515,7638100,0.0,0.0,0.0,TMF,NA,NA,USD
2025-04-03T04:00:00.000Z,44.9315860417,45.2203487119,43.9882926941,43.9882926941,11238900,0.0,0.0,0.0,TMF,NA,NA,USD
2025-04-04T04:00:00.000Z,46.4909060397,47.145436698,45.3647305573,45.4128570557,18088600,0.0,0.0,0.0,TMF,NA,NA,USD
2025-04-07T04:00:00.000Z,43.8920348853,44.4021860503,40.9081479177,41.2450370789,21105800,0.0,0.0,0.0,TMF,NA,NA,USD
2025-04-08T04:00:00.000Z,40.2247397312,41.4664231469,38.7424201654,38.8964271545,18090000,0.0,0.0,0.0,TMF,NA,NA,USD
2025-04-09T04:00:00.000Z,37.4333603979,39.637588501,35.6719056191,39.637588501,33110100,0.0,0.0,0.0,TMF,NA,NA,USD
2025-04-10T04:00:00.000Z,38.0782641792,38.6557894475,36.2301767116,36.3553085327,17198400,0.0,0.0,0.0,TMF,NA,NA,USD
2025-04-11T04:00:00.000Z,35.5756465464,37.3756075421,34.5264728146,36.8750839233,23849200,0.0,0.0,0.0,TMF,NA,NA,USD
2025-04-14T04:00:00.000Z,37.5296199136,37.9050117635,36.7788325418,37.6162490845,10586900,0.0,0.0,0.0,TMF,NA,NA,USD
2025-04-15T04:00:00.000Z,37.1830982183,38.4825319348,37.0098398998,38.010887146,7937600,0.0,0.0,0.0,TMF,NA,NA,USD
2025-04-16T04:00:00.000Z,37.9916360732,38.886802834,37.5584902742,38.6846656799,7940500,0.0,0.0,0.0,TMF,NA,NA,USD
2025-04-17T04:00:00.000Z,38.280397175,38.4632793176,37.1927208059,37.6354904175,8177300,0.0,0.0,0.0,TMF,NA,NA,USD
2025-04-21T04:00:00.000Z,36.4226891584,36.9713393069,35.5852763535,35.6719055176,7827100,0.0,0.0,0.0,TMF,NA,NA,USD
2025-04-22T04:00:00.000Z,36.6248195844,36.8558318932,36.0761694818,36.2494277954,5646200,0.0,0.0,0.0,TMF,NA,NA,USD
2025-04-23T04:00:00.000Z,39.1948123913,39.3969458508,37.0290873118,37.288974762,10360600,0.0,0.0,0.0,TMF,NA,NA,USD
2025-04-24T04:00:00.000Z,38.0975189774,38.5017859676,37.7702536498,38.3574028015,4863000,0.0,0.0,0.0,TMF,NA,NA,USD
2025-04-25T04:00:00.000Z,39.2236953332,39.4643315009,38.809800831,39.0889396667,5539200,0.0,0.0,0.0,TMF,NA,NA,USD
2025-04-28T04:00:00.000Z,38.8771767795,40.003355899,38.819426452,39.8878479004,4443500,0.0,0.0,0.0,TMF,NA,NA,USD
2025-04-29T04:00:00.000Z,39.7242153385,40.8888934015,39.695340176,40.8407669067,4540400,0.0,0.0,0.0,TMF,NA,NA,USD
2025-04-30T04:00:00.000Z,40.3498688441,40.6771341629,39.7145895396,40.0418548584,9852100,0.0,0.0,0.0,TMF,NA,NA,USD
2025-05-01T04:00:00.000Z,40.0611087888,40.0803601231,38.7712987631,39.252571106,8499900,0.0,0.0,0.0,TMF,NA,NA,USD
2025-05-02T04:00:00.000Z,37.953132876,38.4344051634,37.7413718946,38.0590133667,9091300,0.0,0.0,0.0,TMF,NA,NA,USD
2025-05-05T04:00:00.000Z,37.4622345301,37.548863692,36.8077075721,37.3082275391,5706900,0.0,0.0,0.0,TMF,NA,NA,USD
2025-05-06T04:00:00.000Z,36.759581207,37.6836269205,36.5574476988,37.6162490845,5993400,0.0,0.0,0.0,TMF,NA,NA,USD
2025-05-07T04:00:00.000Z,38.1841465113,38.5402906942,38.0493908407,38.1263961792,6051900,0.0,0.0,0.0,TMF,NA,NA,USD
2025-05-08T04:00:00.000Z,38.2707688348,38.3477741596,36.8558308749,36.9039573669,7185600,0.0,0.0,0.0,TMF,NA,NA,USD
2025-05-09T04:00:00.000Z,36.9424647374,37.3274803948,36.8462080692,37.0194664001,4682300,0.0,0.0,0.0,TMF,NA,NA,USD
2025-05-12T04:00:00.000Z,36.1146748175,36.6440736276,35.9125413273,36.0280456543,10749900,0.0,0.0,0.0,TMF,NA,NA,USD
2025-05-13T04:00:00.000Z,35.8162895484,36.0087992343,35.0462544767,35.5275268555,15567400,0.0,0.0,0.0,TMF,NA,NA,USD
2025-05-14T04:00:00.000Z,35.3638911904,35.4793955175,34.661230382,34.8441162109,13234700,0.0,0.0,0.0,TMF,NA,NA,USD
2025-05-15T04:00:00.000Z,35.1713839296,36.0087967836,34.9884980881,35.7007827759,12452700,0.0,0.0,0.0,TMF,NA,NA,USD
2025-05-16T04:00:00.000Z,36.6633259049,36.6922010694,35.8162855839,35.9895439148,10676400,0.0,0.0,0.0,TMF,NA,NA,USD
2025-05-19T04:00:00.000Z,34.237710246,35.7104022711,34.102954593,35.6430244446,15145800,0.0,0.0,0.0,TMF,NA,NA,USD
2025-05-20T04:00:00.000Z,34.8441154173,35.0655002357,34.3917182782,34.834487915,11185500,0.0,0.0,0.0,TMF,NA,NA,USD
2025-05-21T04:00:00.000Z,33.9393256928,34.3820990609,32.8227739487,33.0922889709,21648900,0.0,0.0,0.0,TMF,NA,NA,USD
2025-05-22T04:00:00.000Z,32.5243812844,33.5735549927,32.2548663131,33.5735549927,16592300,0.0,0.0,0.0,TMF,NA,NA,USD
2025-05-23T04:00:00.000Z,33.9393195297,33.9874496951,33.3906694249,33.67943573,11509500,0.0,0.0,0.0,TMF,NA,NA,USD
2025-05-27T04:00:00.000Z,34.6131038154,35.4120176162,34.3917189924,35.152130127,11699000,0.0,0.0,0.0,TMF,NA,NA,USD
2025-05-28T04:00:00.000Z,34.6516063453,34.8248646708,34.1414588713,34.5842285156,7915500,0.0,0.0,0.0,TMF,NA,NA,USD
2025-05-29T04:00:00.000Z,35.0943755133,35.6815283115,34.940368523,35.5563964844,10305900,0.0,0.0,0.0,TMF,NA,NA,USD
2025-05-30T04:00:00.000Z,35.4601434923,35.9125406329,35.2002560077,35.5563964844,9310300,0.0,0.0,0.0,TMF,NA,NA,USD
2025-06-02T04:00:00.000Z,34.8537365171,35.0751213182,34.2280847763,34.6419792175,7387500,0.0,0.0,0.0,TMF,NA,NA,USD
2025-06-03T04:00:00.000Z,35.0366275439,35.3735167105,34.3435942048,34.5072250366,6993300,0.0,0.0,0.0,TMF,NA,NA,USD
2025-06-04T04:00:00.000Z,35.4023955639,36.451569513,35.238764715,36.1531829834,11278800,0.0,0.0,0.0,TMF,NA,NA,USD
2025-06-05T04:00:00.000Z,36.509319388,36.8077095556,35.9414178896,36.2013053894,10003200,0.0,0.0,0.0,TMF,NA,NA,USD
2025-06-06T04:00:00.000Z,35.3350108897,35.5178967111,34.7286104439,34.8248634338,9804900,0.0,0.0,0.0,TMF,NA,NA,USD
2025-06-09T04:00:00.000Z,34.4205960175,35.1521320279,34.4205960175,34.9211196899,5765200,0.0,0.0,0.0,TMF,NA,NA,USD
2025-06-10T04:00:00.000Z,35.7007782196,35.7874073777,34.9884936228,35.3831367493,5189400,0.0,0.0,0.0,TMF,NA,NA,USD
2025-06-11T04:00:00.000Z,35.3446429111,36.0473001085,35.2098872393,35.7104072571,9044500,0.0,0.0,0.0,TMF,NA,NA,USD
2025-06-12T04:00:00.000Z,36.6921982075,37.0194635102,36.2975550783,36.9809608459,8719200,0.0,0.0,0.0,TMF,NA,NA,USD
2025-06-13T04:00:00.000Z,36.4130677013,36.6055737035,35.2002593251,35.8066635132,10104800,0.0,0.0,0.0,TMF,NA,NA,USD
2025-06-16T04:00:00.000Z,35.5852742586,36.0087925514,34.8441144922,34.8729896545,7468200,0.0,0.0,0.0,TMF,NA,NA,USD
2025-06-17T04:00:00.000Z,35.4601415775,36.2686791512,35.1617514434,36.0954208374,7603000,0.0,0.0,0.0,TMF,NA,NA,USD
2025-06-18T04:00:00.000Z,36.528568608,36.7788285904,35.8644104785,36.1724281311,8122100,0.0,0.0,0.0,TMF,NA,NA,USD
2025-06-20T04:00:00.000Z,35.566024163,36.3649342819,35.3253880099,35.9702911377,7753000,0.0,0.0,0.0,TMF,NA,NA,USD
2025-06-23T04:00:00.000Z,36.5766947945,37.1734714184,36.345682475,36.3745613098,10149900,0.0,0.0,0.0,TMF,NA,NA,USD
2025-06-24T04:00:00.000Z,35.9391679631,37.3483572981,35.9100135233,37.1345481873,10461100,0.362,0.0,0.0,TMF,NA,NA,USD
2025-06-25T04:00:00.000Z,36.7458097615,37.2414537875,36.3473496756,37.2122993469,8376500,0.0,0.0,0.0,TMF,NA,NA,USD
2025-06-26T04:00:00.000Z,37.3289180201,37.7565325145,36.852707852,37.7370986938,8292500,0.0,0.0,0.0,TMF,NA,NA,USD
2025-06-27T04:00:00.000Z,37.2803276324,38.0286558098,36.8527094126,37.0470809937,9468300,0.0,0.0,0.0,TMF,NA,NA,USD
2025-06-30T04:00:00.000Z,37.6107607052,38.3493683135,37.3192051678,38.1355628967,11999600,0.0,0.0,0.0,TMF,NA,NA,USD
2025-07-01T04:00:00.000Z,38.4076770498,38.6312030629,37.8051285055,38.359085083,11618700,0.0,0.0,0.0,TMF,NA,NA,USD
2025-07-02T04:00:00.000Z,37.1734267281,37.6690707865,37.0470846318,37.6301994324,8890600,0.0,0.0,0.0,TMF,NA,NA,USD
2025-07-03T04:00:00.000Z,37.0568026802,37.2511742669,36.6972139473,36.9013061523,9240400,0.0,0.0,0.0,TMF,NA,NA,USD
2025-07-07T04:00:00.000Z,36.2987516864,36.2987516864,35.5018315653,35.7642326355,8954200,0.0,0.0,0.0,TMF,NA,NA,USD
2025-07-08T04:00:00.000Z,35.0547834712,35.6281776428,34.8895700236,35.6281776428,8560500,0.0,0.0,0.0,TMF,NA,NA,USD
2025-07-09T04:00:00.000Z,35.7836760566,36.6972177902,35.7836760566,36.6777839661,6689000,0.0,0.0,0.0,TMF,NA,NA,USD
2025-07-10T04:00:00.000Z,36.5708803187,36.8527152633,36.143262031,36.755531311,6853400,0.0,0.0,0.0,TMF,NA,NA,USD
2025-07-11T04:00:00.000Z,35.793393199,35.8419851692,35.0547819055,35.2005615234,9022900,0.0,0.0,0.0,TMF,NA,NA,USD
2025-07-14T04:00:00.000Z,34.9090032455,35.3269008739,34.6466058577,35.0547828674,7201200,0.0,0.0,0.0,TMF,NA,NA,USD
2025-07-15T04:00:00.000Z,35.3463369011,35.3657744303,34.1315191275,34.267578125,11431500,0.0,0.0,0.0,TMF,NA,NA,USD
2025-07-16T04:00:00.000Z,34.5688544341,35.0159064872,33.2762902446,34.3550453186,16843500,0.0,0.0,0.0,TMF,NA,NA,USD
2025-07-17T04:00:00.000Z,34.4813857538,34.8020994117,34.2092677706,34.3744812012,6765800,0.0,0.0,0.0,TMF,NA,NA,USD
2025-07-18T04:00:00.000Z,34.7049150062,34.7340731552,34.3161755236,34.4716720581,5194400,0.0,0.0,0.0,TMF,NA,NA,USD
2025-07-21T04:00:00.000Z,35.6378971367,35.9877652949,35.3269040421,35.3754997253,8038900,0.0,0.0,0.0,TMF,NA,NA,USD
2025-07-22T04:00:00.000Z,35.5893032166,36.2987564065,35.5115568009,35.9780464172,6147100,0.0,0.0,0.0,TMF,NA,NA,USD
2025-07-23T04:00:00.000Z,35.4240870031,35.6184585882,35.1033733315,35.3852119446,6205400,0.0,0.0,0.0,TMF,NA,NA,USD
2025-07-24T04:00:00.000Z,34.7923837202,35.6378959358,34.7535086579,35.2102813721,5982400,0.0,0.0,0.0,TMF,NA,NA,USD
2025-07-25T04:00:00.000Z,35.0742234372,35.8419892591,34.9770394857,35.8225517273,5181700,0.0,0.0,0.0,TMF,NA,NA,USD
2025-07-28T04:00:00.000Z,35.2588690034,35.5504282277,35.0839349517,35.1714019775,5831700,0.0,0.0,0.0,TMF,NA,NA,USD
2025-07-29T04:00:00.000Z,35.5601462822,36.9013061523,35.5212712234,36.9013061523,9336100,0.0,0.0,0.0,TMF,NA,NA,USD
2025-07-30T04:00:00.000Z,36.172416687,36.425097163,35.9197325037,36.172416687,7103100,0.0,0.0,0.0,TMF,NA,NA,USD
2025-07-31T04:00:00.000Z,36.6291880687,36.9596186865,36.2793236268,36.3667869568,7758800,0.0,0.0,0.0,TMF,NA,NA,USD
2025-08-01T04:00:00.000Z,37.5427290905,38.0092186654,37.4746995925,37.8925971985,15434500,0.0,0.0,0.0,TMF,NA,NA,USD
2025-08-04T04:00:00.000Z,38.0675291684,38.2716213784,37.6399146333,38.0966873169,10666700,0.0,0.0,0.0,TMF,NA,NA,USD
2025-08-05T04:00:00.000Z,37.9023176382,38.6603628046,37.8051336912,38.4757118225,5937300,0.0,0.0,0.0,TMF,NA,NA,USD
2025-08-06T04:00:00.000Z,37.8731633241,38.1355644305,36.6777829779,37.8051338196,9319300,0.0,0.0,0.0,TMF,NA,NA,USD
2025-08-07T04:00:00.000Z,37.9411951045,38.3882472203,37.5524518775,37.6885108948,6331800,0.0,0.0,0.0,TMF,NA,NA,USD
2025-08-08T04:00:00.000Z,37.2025785635,37.2511742407,36.9498980962,37.1248321533,5667100,0.0,0.0,0.0,TMF,NA,NA,USD
2025-08-11T04:00:00.000Z,37.416384783,37.581598209,37.0859542236,37.2025756836,3916300,0.0,0.0,0.0,TMF,NA,NA,USD
2025-08-12T04:00:00.000Z,36.6000324471,36.6874994816,36.152980363,36.6486244202,9197900,0.0,0.0,0.0,TMF,NA,NA,USD
2025-08-13T04:00:00.000Z,37.2706063784,37.7273790301,37.2511725572,37.5913200378,5584300,0.0,0.0,0.0,TMF,NA,NA,USD
2025-08-14T04:00:00.000Z,37.309480968,37.3289184963,36.5417152845,36.6583404541,7343200,0.0,0.0,0.0,TMF,NA,NA,USD
2025-08-15T04:00:00.000Z,36.2112861391,36.3765032822,35.7059252137,35.8808555603,7123200,0.0,0.0,0.0,TMF,NA,NA,USD
2025-08-18T04:00:00.000Z,35.9877638293,36.0557933343,35.3754982847,35.5698661804,5786600,0.0,0.0,0.0,TMF,NA,NA,USD
2025-08-19T04:00:00.000Z,35.9294522511,36.2987541911,35.9197316326,36.1821327209,5211800,0.0,0.0,0.0,TMF,NA,NA,USD
2025-08-20T04:00:00.000Z,36.0655137255,36.5320033454,36.0460761946,36.3765068054,5444800,0.0,0.0,0.0,TMF,NA,NA,USD
2025-08-21T04:00:00.000Z,36.007197229,36.1724143702,35.4629612518,35.8419837952,7153600,0.0,0.0,0.0,TMF,NA,NA,USD
2025-08-22T04:00:00.000Z,36.3279135086,36.9110245854,36.1821338858,36.5708770752,11096200,0.0,0.0,0.0,TMF,NA,NA,USD
2025-08-25T04:00:00.000Z,36.2015725768,36.5805951596,36.10438863,36.2890396118,5626500,0.0,0.0,0.0,TMF,NA,NA,USD
2025-08-26T04:00:00.000Z,35.910016357,36.2404469602,35.5601482233,36.1626968384,8288200,0.0,0.0,0.0,TMF,NA,NA,USD
2025-08-27T04:00:00.000Z,35.443524053,36.0849476802,35.2783069103,36.0169181824,10083500,0.0,0.0,0.0,TMF,NA,NA,USD
2025-08-28T04:00:00.000Z,36.2112848862,36.8138371433,36.0557883667,36.7458076477,7191600,0.0,0.0,0.0,TMF,NA,NA,USD
2025-08-29T04:00:00.000Z,36.1529803268,36.2696018035,35.7545202162,35.8905792236,8469900,0.0,0.0,0.0,TMF,NA,NA,USD
2025-09-02T04:00:00.000Z,35.1228125309,35.3852136272,34.9575990854,35.142250061,10175700,0.0,0.0,0.0,TMF,NA,NA,USD
2025-09-03T04:00:00.000Z,35.4921167547,36.5611549196,35.4532416959,36.2307243347,9657500,0.0,0.0,0.0,TMF,NA,NA,USD
2025-09-04T04:00:00.000Z,36.813839699,37.076240789,36.2695999892,37.0276451111,7546300,0.0,0.0,0.0,TMF,NA,NA,USD
2025-09-05T04:00:00.000Z,38.3104938591,38.7867040865,38.2035930027,38.7089576721,14302100,0.0,0.0,0.0,TMF,NA,NA,USD
2025-09-08T04:00:00.000Z,39.5350295286,40.2930746255,39.4670000306,40.2153282166,11374900,0.0,0.0,0.0,TMF,NA,NA,USD
2025-09-09T04:00:00.000Z,39.8460263819,40.0112398337,39.2726321954,39.5447502136,7658600,0.0,0.0,0.0,TMF,NA,NA,USD
2025-09-10T04:00:00.000Z,39.8071509411,40.6721006685,39.5253123064,40.263923645,6965900,0.0,0.0,0.0,TMF,NA,NA,USD
2025-09-11T04:00:00.000Z,40.458295634,41.2163408033,40.458295634,40.9733772278,9265000,0.0,0.0,0.0,TMF,NA,NA,USD
2025-09-12T04:00:00.000Z,40.302795741,40.5166011486,39.8751775109,40.4777297974,5419100,0.0,0.0,0.0,TMF,NA,NA,USD
2025-09-15T04:00:00.000Z,40.7304128186,41.138593545,40.6137913428,40.7595672607,4115600,0.0,0.0,0.0,TMF,NA,NA,USD
2025-09-16T04:00:00.000Z,40.6332305758,41.1774666239,40.5652010697,40.9636611938,6608300,0.0,0.0,0.0,TMF,NA,NA,USD
2025-09-17T04:00:00.000Z,41.4398676261,41.8869197236,40.3222373821,40.6526679993,9805000,0.0,0.0,0.0,TMF,NA,NA,USD
2025-09-18T04:00:00.000Z,39.4767192607,39.7682747991,39.0005127463,39.4281272888,9878200,0.0,0.0,0.0,TMF,NA,NA,USD
2025-09-19T04:00:00.000Z,39.2143169085,39.408688497,38.8450149684,39.1754455566,7441600,0.0,0.0,0.0,TMF,NA,NA,USD
2025-09-22T04:00:00.000Z,38.8547335894,38.9810756836,38.5048654562,38.7089576721,6591700,0.0,0.0,0.0,TMF,NA,NA,USD
2025-09-23T04:00:00.000Z,39.0476894562,39.5484250824,38.7629555975,39.4895172119,4788000,0.405,0.0,0.0,TMF,NA,NA,USD
2025-09-24T04:00:00.000Z,39.194960084,39.2833256289,38.6942244935,39.028049469,4710900,0.0,0.0,0.0,TMF,NA,NA,USD
2025-09-25T04:00:00.000Z,38.8807746047,39.0967801149,38.3702222549,39.0378684998,5942700,0.0,0.0,0.0,TMF,NA,NA,USD
2025-09-26T04:00:00.000Z,39.0378685598,39.6466106813,38.6254984892,38.8611412048,4721200,0.0,0.0,0.0,TMF,NA,NA,USD
2025-09-29T04:00:00.000Z,39.4109667097,39.9706139279,39.3520588417,39.8037033081,5131900,0.0,0.0,0.0,TMF,NA,NA,USD
2025-09-30T04:00:00.000Z,39.8724316209,40.3731672254,39.2833267238,39.4502410889,6383700,0.0,0.0,0.0,TMF,NA,NA,USD
2025-10-01T04:00:00.000Z,40.0393443859,40.2455331709,39.5091548191,39.7644309998,6113200,0.0,0.0,0.0,TMF,NA,NA,USD
2025-10-02T04:00:00.000Z,39.7938809611,40.2847998133,39.6367870782,40.0687980652,4850100,0.0,0.0,0.0,TMF,NA,NA,USD
2025-10-03T04:00:00.000Z,40.186623879,40.3535345173,39.70552168,39.7742500305,3686000,0.0,0.0,0.0,TMF,NA,NA,USD
2025-10-06T04:00:00.000Z,38.9789608894,39.5386081283,38.8709581336,38.9102325439,6331300,0.0,0.0,0.0,TMF,NA,NA,USD
2025-10-07T04:00:00.000Z,39.2636943157,39.8135210733,39.0673260114,39.5189704895,4565600,0.0,0.0,0.0,TMF,NA,NA,USD
2025-10-08T04:00:00.000Z,40.0982545338,40.1080712635,39.4796956922,39.5975189209,4484500,0.0,0.0,0.0,TMF,NA,NA,USD
2025-10-09T04:00:00.000Z,39.4895144568,39.676062276,39.2931461629,39.5582427979,5420700,0.0,0.0,0.0,TMF,NA,NA,USD
2025-10-10T04:00:00.000Z,40.5498973761,41.5219183738,40.4418946269,41.3255500793,9767100,0.0,0.0,0.0,TMF,NA,NA,USD
2025-10-13T04:00:00.000Z,40.8935443256,41.3255515929,40.3633510347,41.3157348633,6163400,0.0,0.0,0.0,TMF,NA,NA,USD
2025-10-14T04:00:00.000Z,41.4531923591,41.7771968796,41.1193673633,41.6888313293,5866100,0.0,0.0,0.0,TMF,NA,NA,USD
2025-10-15T04:00:00.000Z,41.8361089482,42.287753434,41.1684589495,41.433555603,5079100,0.0,0.0,0.0,TMF,NA,NA,USD
2025-10-16T04:00:00.000Z,41.2371895725,42.5430357067,41.1291868101,42.3270301819,5959700,0.0,0.0,0.0,TMF,NA,NA,USD
2025-10-17T04:00:00.000Z,42.1797489911,42.2092066706,41.6986505893,42.1012039185,5420600,0.0,0.0,0.0,TMF,NA,NA,USD
2025-10-20T04:00:00.000Z,42.435029333,42.5823027503,42.1993866218,42.5528488159,3835300,0.0,0.0,0.0,TMF,NA,NA,USD
2025-10-21T04:00:00.000Z,43.1714089493,43.4365056028,43.0732229227,43.2008628845,4932900,0.0,0.0,0.0,TMF,NA,NA,USD
2025-10-22T04:00:00.000Z,43.1714110507,43.4168705108,42.935768321,43.3383216858,4457500,0.0,0.0,0.0,TMF,NA,NA,USD
2025-10-23T04:00:00.000Z,42.6412143518,42.8670365879,42.1699326749,42.3761177063,4676300,0.0,0.0,0.0,TMF,NA,NA,USD
2025-10-24T04:00:00.000Z,42.5528479425,42.562664672,41.9244723861,42.3564796448,4971900,0.0,0.0,0.0,TMF,NA,NA,USD
2025-10-27T04:00:00.000Z,42.1699335451,42.8179463323,41.855745754,42.7492179871,4591100,0.0,0.0,0.0,TMF,NA,NA,USD
2025-10-28T04:00:00.000Z,42.8768548055,43.3285030387,42.8277636647,43.073223114,3334400,0.0,0.0,0.0,TMF,NA,NA,USD
2025-10-29T04:00:00.000Z,42.8768569867,42.9259518754,41.6986545665,41.796836853,5672400,0.0,0.0,0.0,TMF,NA,NA,USD
2025-10-30T04:00:00.000Z,40.8346309963,41.6299208992,40.7855398593,41.0997276306,7061400,0.0,0.0,0.0,TMF,NA,NA,USD
2025-10-31T04:00:00.000Z,41.0211806888,41.1586373769,40.5695362151,40.6579017639,4180900,0.0,0.0,0.0,TMF,NA,NA,USD
2025-11-03T05:00:00.000Z,40.196435351,40.4517152585,39.9215219849,40.3142585754,4738200,0.0,0.0,0.0,TMF,NA,NA,USD
2025-11-04T05:00:00.000Z,40.4124421234,40.7659043169,40.324076575,40.6088104248,3549900,0.0,0.0,0.0,TMF,NA,NA,USD
2025-11-05T05:00:00.000Z,39.990252355,40.0491639701,39.1753289447,39.2145996094,7797400,0.0,0.0,0.0,TMF,NA,NA,USD
2025-11-06T05:00:00.000Z,40.0295291079,40.4222619959,40.0098919017,40.2848052979,5559000,0.0,0.0,0.0,TMF,NA,NA,USD
2025-11-07T05:00:00.000Z,39.725156791,40.4124440053,39.725156791,39.9902534485,4988700,0.0,0.0,0.0,TMF,NA,NA,USD
2025-11-10T05:00:00.000Z,39.9117088318,40.127710605,39.7644316608,39.9117088318,3511600,0.0,0.0,0.0,TMF,NA,NA,USD
2025-11-11T05:00:00.000Z,40.5008078591,40.6480850222,40.2651651472,40.4811706543,2971500,0.0,0.0,0.0,TMF,NA,NA,USD
2025-11-12T05:00:00.000Z,40.5008089218,40.9819110879,40.3928061654,40.7266311646,3391100,0.0,0.0,0.0,TMF,NA,NA,USD
2025-11-13T05:00:00.000Z,40.2946255771,40.4517194806,39.7055206299,39.7055206299,4680800,0.0,0.0,0.0,TMF,NA,NA,USD
2025-11-14T05:00:00.000Z,40.1866228876,40.2749884426,38.9887795303,38.9986000061,6696800,0.0,0.0,0.0,TMF,NA,NA,USD
2025-11-17T05:00:00.000Z,39.2735078808,39.5484212375,39.1262307281,39.3127822876,3309300,0.0,0.0,0.0,TMF,NA,NA,USD
2025-11-18T05:00:00.000Z,39.6171520839,39.7153381071,38.8807737646,39.1949615479,7978800,0.0,0.0,0.0,TMF,NA,NA,USD
2025-11-19T05:00:00.000Z,39.4109671099,39.5484237971,38.9495021639,39.0182342529,4445800,0.0,0.0,0.0,TMF,NA,NA,USD
2025-11-20T05:00:00.000Z,39.1164161041,39.6564261174,39.0869621701,39.4502410889,5491400,0.0,0.0,0.0,TMF,NA,NA,USD
2025-11-21T05:00:00.000Z,39.9215261517,39.960800564,39.3324249499,39.7055206299,5950900,0.0,0.0,0.0,TMF,NA,NA,USD
2025-11-24T05:00:00.000Z,40.2848019532,40.4811702536,40.0982541278,40.3829879761,3924300,0.0,0.0,0.0,TMF,NA,NA,USD
2025-11-25T05:00:00.000Z,40.7855417223,41.1586373769,40.5498990103,40.6579017639,4962500,0.0,0.0,0.0,TMF,NA,NA,USD
2025-11-26T05:00:00.000Z,40.5695362506,41.2077322976,40.1375289813,41.1880950928,4011700,0.0,0.0,0.0,TMF,NA,NA,USD
2025-11-28T05:00:00.000Z,40.9229956148,41.0113611575,40.2651624085,40.5498962402,4224900,0.0,0.0,0.0,TMF,NA,NA,USD
2025-12-01T05:00:00.000Z,39.1655054935,39.3716905129,39.0084116104,39.0575027466,7094100,0.0,0.0,0.0,TMF,NA,NA,USD
2025-12-02T05:00:00.000Z,38.8513211341,39.3029656195,38.6647733019,39.1360549927,4660000,0.0,0.0,0.0,TMF,NA,NA,USD
2025-12-03T05:00:00.000Z,39.2440558604,39.5484231642,39.0182336285,39.4011497498,5820900,0.0,0.0,0.0,TMF,NA,NA,USD
2025-12-04T05:00:00.000Z,39.2538729321,39.2538729321,38.6647717783,38.7924079895,4120700,0.0,0.0,0.0,TMF,NA,NA,USD
2025-12-05T05:00:00.000Z,38.7236832652,38.7335037411,38.0756704372,38.2131271362,7085500,0.0,0.0,0.0,TMF,NA,NA,USD
2025-12-08T05:00:00.000Z,38.2229444282,38.2327611579,37.4276544915,37.8302078247,6077900,0.0,0.0,0.0,TMF,NA,NA,USD
2025-12-09T05:00:00.000Z,38.4094948606,38.4094948606,37.7713025184,37.8891220093,5342800,0.0,0.0,0.0,TMF,NA,NA,USD
2025-12-10T05:00:00.000Z,37.9676635018,38.5960427998,37.7614784759,38.2916717529,8523100,0.0,0.0,0.0,TMF,NA,NA,USD
2025-12-11T05:00:00.000Z,38.861142039,39.0182359377,38.1640343524,38.1738548279,4673200,0.0,0.0,0.0,TMF,NA,NA,USD
2025-12-12T05:00:00.000Z,37.1036480791,37.2607419633,36.8680053799,37.0349197388,6983000,0.0,0.0,0.0,TMF,NA,NA,USD
2025-12-15T05:00:00.000Z,37.5062047892,37.7222065587,37.1134681702,37.1134681702,4620900,0.0,0.0,0.0,TMF,NA,NA,USD
2025-12-16T05:00:00.000Z,36.8287324661,37.7712995555,36.8287324661,37.7320251465,7093900,0.0,0.0,0.0,TMF,NA,NA,USD
2025-12-17T05:00:00.000Z,37.3785639925,37.8400289477,37.3392895823,37.6240234375,4022000,0.0,0.0,0.0,TMF,NA,NA,USD
2025-12-18T05:00:00.000Z,38.0265750972,38.3309461439,37.9480300259,38.1149406433,6206300,0.0,0.0,0.0,TMF,NA,NA,USD
2025-12-19T05:00:00.000Z,37.771299541,37.9382101611,37.5062028983,37.5552940369,3406700,0.0,0.0,0.0,TMF,NA,NA,USD
2025-12-22T05:00:00.000Z,37.4865673965,37.5454790126,37.2901990879,37.4178390503,3396900,0.0,0.0,0.0,TMF,NA,NA,USD
2025-12-23T05:00:00.000Z,37.0391964069,37.6851688403,36.9795666076,37.5957298279,5825200,0.459,0.0,0.0,TMF,NA,NA,USD
2025-12-24T05:00:00.000Z,37.8938731438,38.3013339823,37.7646771342,38.2118911743,3238400,0.0,0.0,0.0,TMF,NA,NA,USD
2025-12-26T05:00:00.000Z,38.2913942246,38.3907772297,37.6652983524,37.8342437744,4919300,0.0,0.0,0.0,TMF,NA,NA,USD
2025-12-29T05:00:00.000Z,38.1125081704,38.2615807808,37.9137497446,38.2118911743,4637200,0.0,0.0,0.0,TMF,NA,NA,USD
2025-12-30T05:00:00.000Z,37.824304603,38.2019486214,37.7348618005,37.9733734131,3552900,0.0,0.0,0.0,TMF,NA,NA,USD
2025-12-31T05:00:00.000Z,37.7348624898,38.0131273066,37.0391966567,37.088886261,6312300,0.0,0.0,0.0,TMF,NA,NA,USD
2026-01-02T05:00:00.000Z,37.3274010963,37.3373375006,36.8503740787,36.8702468872,5102600,0.0,0.0,0.0,TMF,NA,NA,USD
2026-01-05T05:00:00.000Z,37.0292585322,37.4466595719,36.9298793181,37.3671531677,4772500,0.0,0.0,0.0,TMF,NA,NA,USD
2026-01-06T05:00:00.000Z,36.9795674965,37.208142713,36.6516130697,37.1385765076,5798700,0.0,0.0,0.0,TMF,NA,NA,USD
2026-01-07T05:00:00.000Z,37.8342401978,38.0528789972,37.39696639,37.7944869995,8126800,0.0,0.0,0.0,TMF,NA,NA,USD
2026-01-08T05:00:00.000Z,37.1882667542,37.4665353716,37.0690109415,37.1882667542,4708300,0.0,0.0,0.0,TMF,NA,NA,USD
2026-01-09T05:00:00.000Z,37.1087635376,37.9932513995,36.8801883209,37.9038085938,6643100,0.0,0.0,0.0,TMF,NA,NA,USD
2026-01-12T05:00:00.000Z,37.3472782551,37.8739948842,37.2280186556,37.5559768677,4758000,0.0,0.0,0.0,TMF,NA,NA,USD
2026-01-13T05:00:00.000Z,37.8243051795,37.8640545882,37.3969677601,37.7249221802,4199800,0.0,0.0,0.0,TMF,NA,NA,USD
2026-01-14T05:00:00.000Z,37.8441834313,38.5199689009,37.8441834313,38.3808364868,4867300,0.0,0.0,0.0,TMF,NA,NA,USD
2026-01-15T05:00:00.000Z,38.7684198328,38.818113229,38.3609590048,38.3708992004,3891100,0.0,0.0,0.0,TMF,NA,NA,USD
2026-01-16T05:00:00.000Z,38.0826939041,38.3311457192,37.5361006693,37.6454200745,5376500,0.0,0.0,0.0,TMF,NA,NA,USD
2026-01-20T05:00:00.000Z,36.1348329034,36.6516131381,36.0453900975,36.2043991089,11728300,0.0,0.0,0.0,TMF,NA,NA,USD
2026-01-21T05:00:00.000Z,36.3733423075,37.188263915,36.1248905054,37.0292549133,8601900,0.0,0.0,0.0,TMF,NA,NA,USD
2026-01-22T05:00:00.000Z,36.9298768421,37.5261596689,36.7609314312,37.4665336609,5547700,0.0,0.0,0.0,TMF,NA,NA,USD
2026-01-23T05:00:00.000Z,37.6056675145,37.8342427333,37.1783300821,37.695110321,7651400,0.0,0.0,0.0,TMF,NA,NA,USD
2026-01-26T05:00:00.000Z,38.2913917552,38.4305241623,38.0628165449,38.2317657471,6225600,0.0,0.0,0.0,TMF,NA,NA,USD
2026-01-27T05:00:00.000Z,37.9435604386,38.1125058484,37.3870270236,37.5062866211,5310900,0.0,0.0,0.0,TMF,NA,NA,USD
2026-01-28T05:00:00.000Z,37.1385748859,37.3870266918,36.89012308,37.2478942871,6147200,0.0,0.0,0.0,TMF,NA,NA,USD
2026-01-29T05:00:00.000Z,36.6814271005,37.4168461667,36.6019244882,37.2777099609,8672200,0.0,0.0,0.0,TMF,NA,NA,USD
2026-01-30T05:00:00.000Z,36.9398131886,37.1683921894,36.6516119711,36.7013015747,7317500,0.0,0.0,0.0,TMF,NA,NA,USD
2026-02-02T05:00:00.000Z,36.8801894127,36.9398154243,36.3137195565,36.3435325623,8342000,0.0,0.0,0.0,TMF,NA,NA,USD
2026-02-03T05:00:00.000Z,36.2043998006,36.5721074356,36.1348335938,36.552230835,5876600,0.0,0.0,0.0,TMF,NA,NA,USD
2026-02-04T05:00:00.000Z,36.3733422501,36.5621680457,36.1547072425,36.2640266418,7582500,0.0,0.0,0.0,TMF,NA,NA,USD
2026-02-05T05:00:00.000Z,36.7509908389,37.4069034578,36.5323520356,37.3770904541,7873700,0.0,0.0,0.0,TMF,NA,NA,USD
2026-02-06T05:00:00.000Z,37.3572144968,37.4565937049,37.049132886,37.4267807007,5908000,0.0,0.0,0.0,TMF,NA,NA,USD
2026-02-09T05:00:00.000Z,37.0391964816,37.5062871,36.83049787,37.4267807007,4717100,0.0,0.0,0.0,TMF,NA,NA,USD
2026-02-10T05:00:00.000Z,38.3510232924,38.7286711224,38.3311466918,38.7187309265,6681700,0.0,0.0,0.0,TMF,NA,NA,USD
2026-02-11T05:00:00.000Z,38.0628166199,38.6491630444,37.9336206169,38.0628166199,6958200,0.0,0.0,0.0,TMF,NA,NA,USD
2026-02-12T05:00:00.000Z,38.4802194758,39.6827253867,38.4802194758,39.6131591797,7736900,0.0,0.0,0.0,TMF,NA,NA,USD
2026-02-13T05:00:00.000Z,40.080250161,40.3386383905,39.9709307517,40.1696891785,8496500,0.0,0.0,0.0,TMF,NA,NA,USD
2026-02-17T05:00:00.000Z,40.517523173,40.746098392,40.2889479541,40.4578933716,4915200,0.0,0.0,0.0,TMF,NA,NA,USD
2026-02-18T05:00:00.000Z,40.1498158346,40.3982676559,39.9013640133,39.9510536194,4936800,0.0,0.0,0.0,TMF,NA,NA,USD
2026-02-19T05:00:00.000Z,39.7821045668,40.1995055996,39.7224785558,40.0802497864,3262600,0.0,0.0,0.0,TMF,NA,NA,USD
2026-02-20T05:00:00.000Z,40.1398739184,40.1597505182,39.1261900761,39.7622261047,6781200,0.0,0.0,0.0,TMF,NA,NA,USD
2026-02-23T05:00:00.000Z,39.9013645441,40.5175240075,39.9013645441,40.1696891785,5607400,0.0,0.0,0.0,TMF,NA,NA,USD
2026-02-24T05:00:00.000Z,40.4181382427,40.5672108437,40.2094396341,40.3088226318,4347100,0.0,0.0,0.0,TMF,NA,NA,USD
2026-02-25T05:00:00.000Z,40.1100610668,40.6268412898,40.1100610668,40.3585128784,3609900,0.0,0.0,0.0,TMF,NA,NA,USD
2026-02-26T05:00:00.000Z,40.5870869404,40.9249815462,40.5672103411,40.8554153442,3561200,0.0,0.0,0.0,TMF,NA,NA,USD
2026-02-27T05:00:00.000Z,41.3821336457,41.6206490559,41.2131882315,41.5113296509,6014900,0.0,0.0,0.0,TMF,NA,NA,USD
2026-03-02T05:00:00.000Z,40.7659741826,40.8156637872,39.9609889387,40.279006958,6037400,0.0,0.0,0.0,TMF,NA,NA,USD
2026-03-03T05:00:00.000Z,39.4342708816,40.3585119015,39.3845812787,40.0504302979,6783500,0.0,0.0,0.0,TMF,NA,NA,USD
2026-03-04T05:00:00.000Z,39.8218575584,40.0504327788,39.5932823381,39.6529121399,4338100,0.0,0.0,0.0,TMF,NA,NA,USD
2026-03-05T05:00:00.000Z,38.9572442977,39.3547649163,38.798235292,39.205696106,4982500,0.0,0.0,0.0,TMF,NA,NA,USD
2026-03-06T05:00:00.000Z,38.5299089071,39.3249539771,38.1125078759,38.7187309265,7091400,0.0,0.0,0.0,TMF,NA,NA,USD
2026-03-09T04:00:00.000Z,38.4404631978,39.8019780144,38.3510203973,39.6628456116,6829000,0.0,0.0,0.0,TMF,NA,NA,USD
2026-03-10T04:00:00.000Z,39.1162559554,39.3249545786,38.4205900868,38.4702796936,6418200,0.0,0.0,0.0,TMF,NA,NA,USD
2026-03-11T04:00:00.000Z,37.7447987278,37.8243051271,36.8702472903,36.959690094,7927400,0.0,0.0,0.0,TMF,NA,NA,USD
2026-03-12T04:00:00.000Z,36.6615481367,37.0590725455,36.4627859324,36.7410545349,6451300,0.0,0.0,0.0,TMF,NA,NA,USD
2026-03-13T04:00:00.000Z,36.6217975021,36.9000661241,36.0652678401,36.1745872498,6485100,0.0,0.0,0.0,TMF,NA,NA,USD
2026-03-16T04:00:00.000Z,36.9298782349,37.1187002526,36.6516134106,36.9298782349,5296900,0.0,0.0,0.0,TMF,NA,NA,USD
2026-03-17T04:00:00.000Z,37.1584512476,37.3969666478,37.0690084464,37.2876472473,3286500,0.0,0.0,0.0,TMF,NA,NA,USD
2026-03-18T04:00:00.000Z,37.1286403928,37.2777092093,36.5919835545,36.6317367554,4696800,0.0,0.0,0.0,TMF,NA,NA,USD
2026-03-19T04:00:00.000Z,36.7410569029,37.5559785814,36.621797298,37.2777099609,7340300,0.0,0.0,0.0,TMF,NA,NA,USD
2026-03-20T04:00:00.000Z,36.3832825281,36.4329721303,35.0317041173,35.160900116,12589200,0.0,0.0,0.0,TMF,NA,NA,USD
2026-03-23T04:00:00.000Z,35.5087339215,36.1845231801,35.2503456948,35.7869987488,16419000,0.0,0.0,0.0,TMF,NA,NA,USD
2026-03-24T04:00:00.000Z,34.9099998474,35.6500015259,34.7400016785,35.3400001526,9543800,0.223,0.0,0.0,TMF,NA,NA,USD
2026-03-25T04:00:00.000Z,36.2200012207,36.3600006104,35.8800010681,36.2799987793,5881000,0.0,0.0,0.0,TMF,NA,NA,USD
2026-03-26T04:00:00.000Z,35.7000007629,36.0200004578,35.1899986267,35.4199981689,5010000,0.0,0.0,0.0,TMF,NA,NA,USD
2026-03-27T04:00:00.000Z,34.6199989319,35.3499984741,34.5600013733,34.8100013733,7662200,0.0,0.0,0.0,TMF,NA,NA,USD
2026-03-30T04:00:00.000Z,35.9599990845,36.3600006104,35.7999992371,36.1300010681,6037400,0.0,0.0,0.0,TMF,NA,NA,USD
2026-03-31T04:00:00.000Z,36.3499984741,36.6199989319,35.8899993896,36.0600013733,8013800,0.0,0.0,0.0,TMF,NA,NA,USD
2026-04-01T04:00:00.000Z,35.9500007629,36.4799995422,35.9099998474,35.9599990845,4128100,0.0,0.0,0.0,TMF,NA,NA,USD
2026-04-02T04:00:00.000Z,35.8300018311,36.6300010681,35.7700004578,36.5299987793,4103300,0.0,0.0,0.0,TMF,NA,NA,USD
2026-04-06T04:00:00.000Z,36.1500015259,36.6199989319,36.0400009155,36.3899993896,2510300,0.0,0.0,0.0,TMF,NA,NA,USD
2026-04-07T04:00:00.000Z,36.2000007629,36.3899993896,35.4300003052,36.3100013733,4176400,0.0,0.0,0.0,TMF,NA,NA,USD
2026-04-08T04:00:00.000Z,37.2299995422,37.25,36.4399986267,36.6699981689,3290500,0.0,0.0,0.0,TMF,NA,NA,USD
2026-04-09T04:00:00.000Z,36.3899993896,36.9399986267,36.0099983215,36.4099998474,2352800,0.0,0.0,0.0,TMF,NA,NA,USD
2026-04-10T04:00:00.000Z,36.2599983215,36.3400001526,35.9099998474,36.1300010681,2262200,0.0,0.0,0.0,TMF,NA,NA,USD
2026-04-13T04:00:00.000Z,36.0200004578,36.4700012207,35.7900009155,36.4099998474,2648000,0.0,0.0,0.0,TMF,NA,NA,USD
2026-04-14T04:00:00.000Z,36.3300018311,37.0,36.2599983215,36.9599990845,2277300,0.0,0.0,0.0,TMF,NA,NA,USD
2026-04-15T04:00:00.000Z,36.7200012207,36.7900009155,36.3600006104,36.4799995422,1920400,0.0,0.0,0.0,TMF,NA,NA,USD
2026-04-16T04:00:00.000Z,36.6100006104,36.6500015259,35.7000007629,35.8300018311,2751300,0.0,0.0,0.0,TMF,NA,NA,USD
2026-04-17T04:00:00.000Z,36.7299995422,36.9099998474,36.5099983215,36.6899986267,3650400,0.0,0.0,0.0,TMF,NA,NA,USD
2026-04-20T04:00:00.000Z,36.7799987793,36.7999992371,36.2700004578,36.6800003052,1537400,0.0,0.0,0.0,TMF,NA,NA,USD
2026-04-21T04:00:00.000Z,36.5999984741,36.7400016785,36.0499992371,36.0699996948,3064500,0.0,0.0,0.0,TMF,NA,NA,USD
2026-04-22T04:00:00.000Z,36.6699981689,36.7999992371,36.2400016785,36.2799987793,2470400,0.0,0.0,0.0,TMF,NA,NA,USD
2026-04-23T04:00:00.000Z,36.3800010681,36.6500015259,35.6599998474,36.0699996948,3502200,0.0,0.0,0.0,TMF,NA,NA,USD
2026-04-24T04:00:00.000Z,35.9099998474,36.3400001526,35.6500015259,36.1800003052,3044400,0.0,0.0,0.0,TMF,NA,NA,USD
2026-04-27T04:00:00.000Z,35.9199981689,36.0800018311,35.5600013733,35.6899986267,2812100,0.0,0.0,0.0,TMF,NA,NA,USD
2026-04-28T04:00:00.000Z,35.4599990845,35.75,35.2299995422,35.7400016785,2724900,0.0,0.0,0.0,TMF,NA,NA,USD
2026-04-29T04:00:00.000Z,35.2799987793,35.2900009155,34.7599983215,34.9300003052,4921400,0.0,0.0,0.0,TMF,NA,NA,USD
2026-04-30T04:00:00.000Z,35.1500015259,35.1599998474,34.5499992371,34.8199996948,3777900,0.0,0.0,0.0,TMF,NA,NA,USD
2026-05-01T04:00:00.000Z,35.0099983215,35.6199989319,34.8300018311,35.1300010681,3626500,0.0,0.0,0.0,TMF,NA,NA,USD
2026-05-04T04:00:00.000Z,34.8400001526,34.8400001526,34.1100006104,34.4000015259,5035900,0.0,0.0,0.0,TMF,NA,NA,USD
2026-05-05T04:00:00.000Z,34.5600013733,34.9799995422,34.4700012207,34.8800010681,3785700,0.0,0.0,0.0,TMF,NA,NA,USD
2026-05-06T04:00:00.000Z,35.6399993896,35.7900009155,35.5,35.6800003052,3329400,0.0,0.0,0.0,TMF,NA,NA,USD
2026-05-07T04:00:00.000Z,35.9099998474,35.9300003052,35.0800018311,35.1500015259,2936000,0.0,0.0,0.0,TMF,NA,NA,USD
2026-05-08T04:00:00.000Z,35.6199989319,35.8899993896,35.5400009155,35.5900001526,2616800,0.0,0.0,0.0,TMF,NA,NA,USD
2026-05-11T04:00:00.000Z,35.3800010681,35.4199981689,34.9099998474,34.9599990845,3158700,0.0,0.0,0.0,TMF,NA,NA,USD
2026-05-12T04:00:00.000Z,34.5499992371,34.5499992371,34.2099990845,34.2999992371,4392300,0.0,0.0,0.0,TMF,NA,NA,USD
2026-05-13T04:00:00.000Z,34.2000007629,34.3499984741,33.8100013733,34.0499992371,3565000,0.0,0.0,0.0,TMF,NA,NA,USD
2026-05-14T04:00:00.000Z,34.5800018311,34.7200012207,34.1599998474,34.1800003052,2720800,0.0,0.0,0.0,TMF,NA,NA,USD
2026-05-15T04:00:00.000Z,32.8800010681,33.0,32.5499992371,32.6800003052,7263400,0.0,0.0,0.0,TMF,NA,NA,USD
2026-05-18T04:00:00.000Z,32.6599998474,32.9199981689,32.2299995422,32.5200004578,4938600,0.0,0.0,0.0,TMF,NA,NA,USD
2026-05-19T04:00:00.000Z,31.8099994659,32.1100006104,31.5799999237,31.8500003815,7179700,0.0,0.0,0.0,TMF,NA,NA,USD
2026-05-20T04:00:00.000Z,31.9200000763,32.9799995422,31.8799991608,32.8499984741,6913300,0.0,0.0,0.0,TMF,NA,NA,USD
2026-05-21T04:00:00.000Z,32.4900016785,33.25,32.1800003052,33.2200012207,6140400,0.0,0.0,0.0,TMF,NA,NA,USD
2026-05-22T04:00:00.000Z,33.6399993896,33.6899986267,33.0999984741,33.6899986267,4501500,0.0,0.0,0.0,TMF,NA,NA,USD
2026-05-26T04:00:00.000Z,34.5,34.5499992371,33.9900016785,34.2099990845,4306700,0.0,0.0,0.0,TMF,NA,NA,USD
2026-05-27T04:00:00.000Z,34.4199981689,34.6699981689,34.2900009155,34.4399986267,3297900,0.0,0.0,0.0,TMF,NA,NA,USD
2026-05-28T04:00:00.000Z,34.5800018311,35.0999984741,34.4300003052,34.9399986267,4061400,0.0,0.0,0.0,TMF,NA,NA,USD
2026-05-29T04:00:00.000Z,35.0400009155,35.2299995422,34.7299995422,34.9399986267,3437900,0.0,0.0,0.0,TMF,NA,NA,USD
2026-06-01T04:00:00.000Z,34.3899993896,35.1100006104,34.2000007629,35.0,4056200,0.0,0.0,0.0,TMF,NA,NA,USD
2026-06-02T04:00:00.000Z,35.4199981689,35.4500007629,35.0699996948,35.2200012207,2539000,0.0,0.0,0.0,TMF,NA,NA,USD
2026-06-03T04:00:00.000Z,34.7799987793,34.9700012207,34.5699996948,34.8199996948,1801100,0.0,0.0,0.0,TMF,NA,NA,USD
2026-06-04T04:00:00.000Z,35.1699981689,35.2900009155,34.9399986267,35.0200004578,1364900,0.0,0.0,0.0,TMF,NA,NA,USD
2026-06-05T04:00:00.000Z,34.3600006104,34.8199996948,34.2900009155,34.4700012207,3449100,0.0,0.0,0.0,TMF,NA,NA,USD
2026-06-08T04:00:00.000Z,34.6599998474,34.7799987793,33.9300003052,33.9700012207,2598100,0.0,0.0,0.0,TMF,NA,NA,USD
2026-06-09T04:00:00.000Z,34.3400001526,34.5800018311,34.1100006104,34.5499992371,3105800,0.0,0.0,0.0,TMF,NA,NA,USD
2026-06-10T04:00:00.000Z,34.5299987793,34.7200012207,34.0,34.1899986267,2644600,0.0,0.0,0.0,TMF,NA,NA,USD
2026-06-11T04:00:00.000Z,34.5600013733,35.5999984741,34.3899993896,35.5,4492400,0.0,0.0,0.0,TMF,NA,NA,USD
2026-06-12T04:00:00.000Z,35.0800018311,35.3300018311,34.8100013733,35.1699981689,2235300,0.0,0.0,0.0,TMF,NA,NA,USD
2026-06-15T04:00:00.000Z,35.4500007629,35.6500015259,35.1300010681,35.1699981689,2493300,0.0,0.0,0.0,TMF,NA,NA,USD
2026-06-16T04:00:00.000Z,35.4700012207,35.9799995422,35.4199981689,35.7299995422,2063000,0.0,0.0,0.0,TMF,NA,NA,USD
2026-06-17T04:00:00.000Z,35.9199981689,36.2200012207,35.4399986267,35.8600006104,3764000,0.0,0.0,0.0,TMF,NA,NA,USD
2026-06-18T04:00:00.000Z,36.7900009155,36.9300003052,36.2700004578,36.3600006104,3544800,0.0,0.0,0.0,TMF,NA,NA,USD
2026-06-22T04:00:00.000Z,35.8100013733,35.8600006104,35.4000015259,35.5800018311,4930243,0.0,0.0,0.0,TMF,NA,NA,USD
